name,total_count,male-male,male-female,male-unknown,female-male,female-female,female-unknown,accuracy1,accuracy2,score1,score2,score3,score4
gender_predictor,58904,37335,8987,0,2983,9599,0,0.7967879940241749,0.7967879940241749,0.20321200597582506,0.20321200597582506,0.0,0.1019285617275567
gender_guesser,58904,39221,1157,5944,484,10158,1940,0.838296210783648,0.9678361426891415,0.16170378921635203,0.03216385731085849,0.13384490017655848,0.013190905527244218
genderizer,58904,33097,357,12868,553,8740,3289,0.7102573679206845,0.9787119563946008,0.2897426320793155,0.02128804360539921,0.274293766127937,-0.00458511708423983
agefromname,58904,38004,1710,6608,487,7716,4379,0.7761781882384897,0.9541498841747188,0.22382181176151025,0.045850115825281215,0.18652383539318212,0.02552330070747334
